{"cameraMode":{"drawMode":0,"name":"Shaded","section":"Shading Mode"},"sceneLighting":true,"audioPlay":true,"sceneViewState":{"showFog":true,"showMaterialUpdate":true,"showSkybox":true,"showFlares":true,"showImageEffects":true,"showParticleSystems":true},"in2DMode":false,"pivot":{"x":3.1878390312194826,"y":10.470147132873536,"z":11.497640609741211},"rotation":{"x":-0.24776116013526917,"y":-0.10933347791433335,"z":0.028102850541472436,"w":-0.9622525572776794},"size":10.222729682922364,"orthographic":false}